{
  "data": [
    {
      "id": 1,
      "project_name": "BGC eCommerce App",
      "framework": "React Project",
      "project_image": "react-info.png",
      "leader": "Eileen",
      "avatar": [
        1,
        5,
        7,
        6,
        2,
        4
      ],
      "progress": 29
    },
    {
      "id": 2,
      "project_name": "Falcon Logo Design",
      "framework": "UI/UX Project",
      "project_image": "xd-label.png",
      "leader": "Owen",
      "avatar": [
        1,
        5
      ],
      "progress": 80
    },
    {
      "id": 3,
      "project_name": "Dashboard Design",
      "framework": "Vuejs Project",
      "project_image": "figma-label-info.png",
      "leader": "Keith",
      "avatar": [
        1,
        8,
        9
      ],
      "progress": 47
    },
    {
      "id": 4,
      "project_name": "Foodista mobile app",
      "framework": "iPhone Project",
      "project_image": "sketch-label.png",
      "leader": "Merline",
      "avatar": [
        1,
        5,
        7,
        2,
        6,
        12,
        20,
        11,
        12
      ],
      "progress": 64
    },
    {
      "id": 5,
      "project_name": "Dojo React Project",
      "framework": "React Project",
      "project_image": "react-info.png",
      "leader": "Harmonia",
      "avatar": [
        1,
        5,
        7,
        2,
        3,
        4,
        5,
        6
      ],
      "progress": 10
    },
    {
      "id": 6,
      "project_name": "Crypto Website",
      "framework": "HTML Project",
      "project_image": "html-label.png",
      "leader": "Allyson",
      "avatar": [
        11,
        10
      ],
      "progress": 78
    },
    {
      "id": 7,
      "project_name": "Vue Admin template",
      "framework": "Vuejs Project",
      "project_image": "vue.png",
      "leader": "Georgie",
      "avatar": [
        18,
        13,
        17
      ],
      "progress": 26
    },
    {
      "id": 8,
      "project_name": "Admin template Project",
      "framework": "UI/UX Project",
      "project_image": "xd-label.png",
      "leader": "June",
      "avatar": [
        14,
        12,
        19,
        20,
        1,
        3,
        4
      ],
      "progress": 99
    },
    {
      "id": 9,
      "project_name": "Foodista Mobile App",
      "framework": "Xamarin Project",
      "project_image": "python.png",
      "leader": "Michelina",
      "avatar": [
        15,
        16,
        14
      ],
      "progress": 53
    },
    {
      "id": 10,
      "project_name": "Blockchain Website",
      "framework": "Python Project",
      "project_image": "html-label.png",
      "leader": "Norene",
      "avatar": [
        4,
        2,
        6,
        1,
        2,
        3,
        4,
        5
      ],
      "progress": 73
    },
    {
      "id": 11,
      "project_name": "Hoffman Website",
      "framework": "HTML Project",
      "project_image": "xamarin.png",
      "leader": "Jarvis",
      "avatar": [
        1,
        5
      ],
      "progress": 24
    }
  ]
}