{
  "navigation": {
    "Dashboards": [
      {
        "name": "Dashboard Analytics",
        "icon": "ri-bar-chart-line",
        "url": "index.html"
      },
      {
        "name": "Dashboard CRM",
        "icon": "ri-computer-line",
        "url": "dashboards-crm.html"
      }
    ],
    "Layouts": [
      {
        "name": "Layout Without menu",
        "icon": "ri-layout-4-line",
        "url": "layouts-without-menu.html"
      },
      {
        "name": "Layout Fluid",
        "icon": "ri-layout-top-line",
        "url": "layouts-fluid.html"
      },
      {
        "name": "Layout Container",
        "icon": "ri-layout-top-2-line",
        "url": "layouts-container.html"
      },
      {
        "name": "Layout Blank",
        "icon": "ri-square-line",
        "url": "layouts-blank.html"
      }
    ],
    "Apps": [
      {
        "name": "Email",
        "icon": "ri-mail-line",
        "url": "app-email.html"
      },
      {
        "name": "Chat",
        "icon": "ri-message-line",
        "url": "app-chat.html"
      },
      {
        "name": "Calendar",
        "icon": "ri-calendar-line",
        "url": "app-calendar.html"
      },
      {
        "name": "Kanban",
        "icon": "ri-drag-drop-line",
        "url": "app-kanban.html"
      },
      {
        "name": "eCommerce Dashboard",
        "icon": "ri-shopping-cart-2-line",
        "url": "app-ecommerce-dashboard.html"
      },
      {
        "name": "eCommerce - Product",
        "icon": "ri-building-line",
        "url": "app-ecommerce-product-list.html"
      },
      {
        "name": "eCommerce - Product List",
        "icon": "ri-file-list-line",
        "url": "app-ecommerce-product-list.html"
      },
      {
        "name": "eCommerce - Add Product",
        "icon": "ri-add-line",
        "url": "app-ecommerce-product-add.html"
      },
      {
        "name": "eCommerce - Category List",
        "icon": "ri-list-unordered",
        "url": "app-ecommerce-category-list.html"
      },
      {
        "name": "eCommerce - Order List",
        "icon": "ri-list-unordered",
        "url": "app-ecommerce-order-list.html"
      },
      {
        "name": "eCommerce - Orders Details",
        "icon": "ri-play-list-line",
        "url": "app-ecommerce-order-details.html"
      },
      {
        "name": "eCommerce - Customers",
        "icon": "ri-user-line",
        "url": "app-ecommerce-customer-all.html"
      },
      {
        "name": "eCommerce - Customers Overview",
        "icon": "ri-list-check",
        "url": "app-ecommerce-customer-details-overview.html"
      },
      {
        "name": "eCommerce - Customers Security",
        "icon": "ri-shield-cross-line",
        "url": "app-ecommerce-customer-details-security.html"
      },
      {
        "name": "eCommerce - Customers Address and Billing",
        "icon": "ri-map-pin-5-line",
        "url": "app-ecommerce-customer-details-billing.html"
      },
      {
        "name": "eCommerce - Customers Notifications",
        "icon": "ri-notification-badge-line",
        "url": "app-ecommerce-customer-details-notifications.html"
      },
      {
        "name": "eCommerce - Manage Reviews",
        "icon": "ri-message-line",
        "url": "app-ecommerce-manage-reviews.html"
      },
      {
        "name": "eCommerce - Referrals",
        "icon": "ri-group-line",
        "url": "app-ecommerce-referral.html"
      },
      {
        "name": "eCommerce - Settings Store Details",
        "icon": "ri-store-line",
        "url": "app-ecommerce-settings-detail.html"
      },
      {
        "name": "eCommerce - Settings Store Payments",
        "icon": "ri-cash-fill",
        "url": "app-ecommerce-settings-payments.html"
      },
      {
        "name": "eCommerce - Settings Store Checkout",
        "icon": "ri-shopping-cart-2-line",
        "url": "app-ecommerce-settings-checkout.html"
      },
      {
        "name": "eCommerce - Settings Shipping & Delivery",
        "icon": "ri-truck-line",
        "url": "app-ecommerce-settings-shipping.html"
      },
      {
        "name": "eCommerce - Settings Locations",
        "icon": "ri-map-pin-add-line",
        "url": "app-ecommerce-settings-locations.html"
      },
      {
        "name": "eCommerce - Settings Notifications",
        "icon": "ri-notification-4-line",
        "url": "app-ecommerce-settings-notifications.html"
      },
      {
        "name": "Academy - Dashboard",
        "icon": "ri-book-open-line",
        "url": "app-academy-dashboard.html"
      },
      {
        "name": "Academy - My Course",
        "icon": "ri-list-unordered",
        "url": "app-academy-course.html"
      },
      {
        "name": "Academy - Course Details",
        "icon": "ri-play-circle-line",
        "url": "app-academy-course-details.html"
      },
      {
        "name": "User List",
        "icon": "ri-group-line",
        "url": "app-user-list.html"
      },
      {
        "name": "User View - Account",
        "icon": "ri-eye-line",
        "url": "app-user-view-account.html"
      },
      {
        "name": "User View - Security",
        "icon": "ri-shield-user-line",
        "url": "app-user-view-security.html"
      },
      {
        "name": "User View - Billing & Plans",
        "icon": "ri-bill-line",
        "url": "app-user-view-billing.html"
      },
      {
        "name": "User View - Notifications",
        "icon": "ri-notification-badge-line",
        "url": "app-user-view-notifications.html"
      },
      {
        "name": "User View - Connections",
        "icon": "ri-links-line",
        "url": "app-user-view-connections.html"
      },
      {
        "name": "Roles",
        "icon": "ri-shield-user-line",
        "url": "app-access-roles.html"
      },
      {
        "name": "Permission",
        "icon": "ri-shield-user-line",
        "url": "app-access-permission.html"
      },
      {
        "name": "Logistics Dashboard",
        "icon": "ri-truck-line",
        "url": "app-logistics-dashboard.html"
      },
      {
        "name": "Logistics Fleet",
        "icon": "ri-car-line",
        "url": "app-logistics-fleet.html"
      },
      {
        "name": "Invoice List",
        "icon": "ri-list-ordered-2",
        "url": "app-invoice-list.html"
      },
      {
        "name": "Invoice Preview",
        "icon": "ri-article-line",
        "url": "app-invoice-preview.html"
      },
      {
        "name": "Invoice Edit",
        "icon": "ri-file-edit-line",
        "url": "app-invoice-edit.html"
      },
      {
        "name": "Invoice Add",
        "icon": "ri-file-add-line",
        "url": "app-invoice-add.html"
      }
    ],
    "Pages": [
      {
        "name": "User Profile",
        "icon": "ri-user-settings-line",
        "url": "pages-profile-user.html"
      },
      {
        "name": "User Profile - Teams",
        "icon": "ri-team-line",
        "url": "pages-profile-teams.html"
      },
      {
        "name": "User Profile - Projects",
        "icon": "ri-account-circle-line",
        "url": "pages-profile-projects.html"
      },
      {
        "name": "User Profile - Connections",
        "icon": "ri-links-line",
        "url": "pages-profile-connections.html"
      },
      {
        "name": "Account Settings - Account",
        "icon": "ri-user-settings-line",
        "url": "pages-account-settings-account.html"
      },
      {
        "name": "Account Settings - Security",
        "icon": "ri-lock-unlock-line",
        "url": "pages-account-settings-security.html"
      },
      {
        "name": "Account Settings - Billing & Plans",
        "icon": "ri-money-dollar-circle-line",
        "url": "pages-account-settings-billing.html"
      },
      {
        "name": "Account Settings - Notifications",
        "icon": "ri-notification-3-line",
        "url": "pages-account-settings-notifications.html"
      },
      {
        "name": "Account Settings - Connections",
        "icon": "ri-link",
        "url": "pages-account-settings-connections.html"
      },
      {
        "name": "FAQ",
        "icon": "ri-question-line",
        "url": "pages-faq.html"
      },
      {
        "name": "Pricing",
        "icon": "ri-money-dollar-circle-line",
        "url": "pages-pricing.html"
      },
      {
        "name": "Error",
        "icon": "ri-error-warning-line",
        "url": "pages-misc-error.html"
      },
      {
        "name": "Under Maintenance",
        "icon": "ri-settings-2-line",
        "url": "pages-misc-under-maintenance.html"
      },
      {
        "name": "Coming Soon",
        "icon": "ri-time-line",
        "url": "pages-misc-comingsoon.html"
      },
      {
        "name": "Not Authorized",
        "icon": "ri-group-line",
        "url": "pages-misc-not-authorized.html"
      },
      {
        "name": "Login Basic",
        "icon": "ri-login-box-line",
        "url": "auth-login-basic.html"
      },
      {
        "name": "Login Cover",
        "icon": "ri-login-box-line",
        "url": "auth-login-cover.html"
      },
      {
        "name": "Register Basic",
        "icon": "ri-user-add-line",
        "url": "auth-register-basic.html"
      },
      {
        "name": "Register Cover",
        "icon": "ri-user-add-line",
        "url": "auth-register-cover.html"
      },
      {
        "name": "Register Multi-steps",
        "icon": "ri-user-add-line",
        "url": "auth-register-multisteps.html"
      },
      {
        "name": "Verify Email Basic",
        "icon": "ri-mail-check-line",
        "url": "auth-verify-email-basic.html"
      },
      {
        "name": "Verify Email Cover",
        "icon": "ri-mail-check-line",
        "url": "auth-verify-email-cover.html"
      },
      {
        "name": "Reset Password Basic",
        "icon": "ri-rotate-lock-line",
        "url": "auth-reset-password-basic.html"
      },
      {
        "name": "Reset Password Cover",
        "icon": "ri-rotate-lock-line",
        "url": "auth-reset-password-cover.html"
      },
      {
        "name": "Forgot Password Basic",
        "icon": "ri-lock-line",
        "url": "auth-forgot-password-basic.html"
      },
      {
        "name": "Forgot Password Cover",
        "icon": "ri-lock-line",
        "url": "auth-forgot-password-cover.html"
      },
      {
        "name": "Two Steps Verification Basic",
        "icon": "ri-macbook-line",
        "url": "auth-two-steps-basic.html"
      },
      {
        "name": "Two Steps Verification Cover",
        "icon": "ri-macbook-line",
        "url": "auth-two-steps-cover.html"
      },
      {
        "name": "Modal Examples",
        "icon": "ri-square-line",
        "url": "modal-examples.html"
      },
      {
        "name": "Checkout Wizard",
        "icon": "ri-shopping-cart-2-line",
        "url": "wizard-ex-checkout.html"
      },
      {
        "name": "Property Listing Wizard",
        "icon": "ri-shopping-cart-2-line",
        "url": "wizard-ex-property-listing.html"
      },
      {
        "name": "Create Deal Wizard",
        "icon": "ri-shopping-cart-2-line",
        "url": "wizard-ex-create-deal.html"
      }
    ],
    "Front Pages": [
      {
        "name": "Help Center Front",
        "icon": "ri-question-line",
        "url": "../front-pages/help-center-landing.html"
      },
      {
        "name": "Landing Front",
        "icon": "ri-article-line",
        "url": "../front-pages/landing-page.html"
      },
      {
        "name": "Pricing Front",
        "icon": "ri-money-dollar-circle-line",
        "url": "../front-pages/pricing-page.html"
      },
      {
        "name": "Checkout Front",
        "icon": "ri-shopping-cart-2-line ",
        "url": "../front-pages/checkout-page.html"
      },
      {
        "name": "Payment Front",
        "icon": "ri-bank-card-line",
        "url": "../front-pages/payment-page.html"
      }
    ],
    "Components": [
      {
        "name": "Icons",
        "icon": "ri-remixicon-line",
        "url": "icons-ri.html"
      },
      {
        "name": "Font Awesome",
        "icon": "ri-font-family",
        "url": "icons-font-awesome.html"
      },
      {
        "name": "Basic Cards",
        "icon": "ri-square-line",
        "url": "cards-basic.html"
      },
      {
        "name": "Advance Cards",
        "icon": "ri-list-check-2",
        "url": "cards-advance.html"
      },
      {
        "name": "Statistics Cards",
        "icon": "ri-bar-chart-box-line",
        "url": "cards-statistics.html"
      },
      {
        "name": "Analytics Cards",
        "icon": "ri-line-chart-fill",
        "url": "cards-analytics.html"
      },
      {
        "name": "Gamifications Cards",
        "icon": "ri-gamepad-line",
        "url": "cards-gamifications.html"
      },
      {
        "name": "Actions Cards",
        "icon": "ri-keyboard-line",
        "url": "cards-actions.html"
      },
      {
        "name": "Accordion",
        "icon": "ri-align-vertically",
        "url": "ui-accordion.html"
      },
      {
        "name": "Alerts",
        "icon": "ri-alert-line",
        "url": "ui-alerts.html"
      },
      {
        "name": "Badges",
        "icon": "ri-notification-4-line",
        "url": "ui-badges.html"
      },
      {
        "name": "Buttons",
        "icon": "ri-square-line",
        "url": "ui-buttons.html"
      },
      {
        "name": "Carousel",
        "icon": "ri-carousel-view",
        "url": "ui-carousel.html"
      },
      {
        "name": "Collapse",
        "icon": "ri-aspect-ratio-line",
        "url": "ui-collapse.html"
      },
      {
        "name": "Dropdowns",
        "icon": "ri-menu-line",
        "url": "ui-dropdowns.html"
      },
      {
        "name": "Footer",
        "icon": "ri-layout-bottom-line",
        "url": "ui-footer.html"
      },
      {
        "name": "List Groups",
        "icon": "ri-list-unordered",
        "url": "ui-list-groups.html"
      },
      {
        "name": "Modals",
        "icon": "ri-square-line",
        "url": "ui-modals.html"
      },
      {
        "name": "Navbar",
        "icon": "ri-layout-top-line",
        "url": "ui-navbar.html"
      },
      {
        "name": "Offcanvas",
        "icon": "ri-layout-top-2-line",
        "url": "ui-offcanvas.html"
      },
      {
        "name": "Pagination & Breadcrumbs",
        "icon": "ri-skip-right-line",
        "url": "ui-pagination-breadcrumbs.html"
      },
      {
        "name": "Progress",
        "icon": "ri-donut-chart-line",
        "url": "ui-progress.html"
      },
      {
        "name": "Spinners",
        "icon": "ri-donut-chart-line",
        "url": "ui-spinners.html"
      },
      {
        "name": "Tabs & Pills",
        "icon": "ri-window-2-line",
        "url": "ui-tabs-pills.html"
      },
      {
        "name": "Toasts",
        "icon": "ri-message-line",
        "url": "ui-toasts.html"
      },
      {
        "name": "Tooltips & Popovers",
        "icon": "ri-chat-quote-line",
        "url": "ui-tooltips-popovers.html"
      },
      {
        "name": "Typography",
        "icon": "ri-font-size",
        "url": "ui-typography.html"
      },
      {
        "name": "Avatar",
        "icon": "ri-user-smile-line",
        "url": "extended-ui-avatar.html"
      },
      {
        "name": "BlockUI",
        "icon": "ri-fullscreen-line",
        "url": "extended-ui-blockui.html"
      },
      {
        "name": "Drag & Drop",
        "icon": "ri-file-copy-line",
        "url": "extended-ui-drag-and-drop.html"
      },
      {
        "name": "Media Player",
        "icon": "ri-music-2-fill",
        "url": "extended-ui-media-player.html"
      },
      {
        "name": "Perfect Scrollbar",
        "icon": "ri-arrow-up-down-line",
        "url": "extended-ui-perfect-scrollbar.html"
      },
      {
        "name": "Star Ratings",
        "icon": "ri-star-line",
        "url": "extended-ui-star-ratings.html"
      },
      {
        "name": "SweetAlert2",
        "icon": "ri-share-circle-line",
        "url": "extended-ui-sweetalert2.html"
      },
      {
        "name": "Text Divider",
        "icon": "ri-align-vertically",
        "url": "extended-ui-text-divider.html"
      },
      {
        "name": "Timeline Basic",
        "icon": "ri-git-commit-line",
        "url": "extended-ui-timeline-basic.html"
      },
      {
        "name": "Timeline Fullscreen",
        "icon": "ri-git-commit-line",
        "url": "extended-ui-timeline-fullscreen.html"
      },
      {
        "name": "Tour",
        "icon": "ri-send-plane-2-line",
        "url": "extended-ui-tour.html"
      },
      {
        "name": "Treeview",
        "icon": "ri-git-fork-line ri-rotate-180",
        "url": "extended-ui-treeview.html"
      },
      {
        "name": "Miscellaneous",
        "icon": "ri-organization-chart",
        "url": "extended-ui-misc.html"
      }
    ],
    "Forms": [
      {
        "name": "Basic Inputs",
        "icon": "ri-pencil-line",
        "url": "forms-basic-inputs.html"
      },
      {
        "name": "Input groups",
        "icon": "ri-checkbox-line",
        "url": "forms-input-groups.html"
      },
      {
        "name": "Custom Options",
        "icon": "ri-list-check-3",
        "url": "forms-custom-options.html"
      },
      {
        "name": "Editors",
        "icon": "ri-file-edit-line",
        "url": "forms-editors.html"
      },
      {
        "name": "File Upload",
        "icon": "ri-upload-2-line",
        "url": "forms-file-upload.html"
      },
      {
        "name": "Pickers",
        "icon": "ri-calendar-todo-line",
        "url": "forms-pickers.html"
      },
      {
        "name": "Select & Tags",
        "icon": "ri-list-check",
        "url": "forms-selects.html"
      },
      {
        "name": "Sliders",
        "icon": "ri-equalizer-line",
        "url": "forms-sliders.html"
      },
      {
        "name": "Switches",
        "icon": "ri-toggle-line",
        "url": "forms-switches.html"
      },
      {
        "name": "Extras",
        "icon": "ri-add-box-line",
        "url": "forms-extras.html"
      },
      {
        "name": "Vertical Form",
        "icon": "ri-file-text-line",
        "url": "form-layouts-vertical.html"
      },
      {
        "name": "Horizontal Form",
        "icon": "ri-file-text-line",
        "url": "form-layouts-horizontal.html"
      },
      {
        "name": "Sticky Actions",
        "icon": "ri-file-text-line",
        "url": "form-layouts-sticky.html"
      },
      {
        "name": "Numbered Wizard",
        "icon": "ri-align-center",
        "url": "form-wizard-numbered.html"
      },
      {
        "name": "Icons Wizard",
        "icon": "ri-align-center",
        "url": "form-wizard-icons.html"
      },
      {
        "name": "Form Validation",
        "icon": "ri-check-line",
        "url": "form-validation.html"
      }
    ],
    "Tables": [
      {
        "name": "Tables",
        "icon": "ri-window-2-line",
        "url": "tables-basic.html"
      },
      {
        "name": "Datatable Basic",
        "icon": "ri-grid-line",
        "url": "tables-datatables-basic.html"
      },
      {
        "name": "Datatable Advanced",
        "icon": "ri-grid-line",
        "url": "tables-datatables-advanced.html"
      },
      {
        "name": "Datatable Extensions",
        "icon": "ri-grid-line",
        "url": "tables-datatables-extensions.html"
      }
    ],
    "Charts & Maps": [
      {
        "name": "Apex Charts",
        "icon": "ri-line-chart-line",
        "url": "charts-apex.html"
      },
      {
        "name": "ChartJS",
        "icon": "ri-bar-chart-grouped-fill",
        "url": "charts-chartjs.html"
      },
      {
        "name": "Leaflet Maps",
        "icon": "ri-map-2-line",
        "url": "maps-leaflet.html"
      }
    ],
    "files": [
      {
        "name": "Class Attendance",
        "subtitle": "By Tommy Shelby",
        "src": "img/icons/misc/search-xls.png",
        "meta": "17kb",
        "url": "javascript:;"
      },
      {
        "name": "Passport Image",
        "subtitle": "By William Budd",
        "src": "img/icons/misc/search-jpg.png",
        "meta": "35kb",
        "url": "javascript:;"
      },
      {
        "name": "Class Notes",
        "subtitle": "By Laurel Lance",
        "src": "img/icons/misc/search-doc.png",
        "meta": "153kb",
        "url": "javascript:;"
      },
      {
        "name": "Receipt",
        "subtitle": "By Donnie Darko",
        "src": "img/icons/misc/search-jpg.png",
        "meta": "25kb",
        "url": "javascript:;"
      },
      {
        "name": "Social Guide",
        "subtitle": "By Ryan Middleton",
        "src": "img/icons/misc/search-doc.png",
        "meta": "39kb",
        "url": "javascript:;"
      },
      {
        "name": "Expenses",
        "subtitle": "By Slade Wilson",
        "src": "img/icons/misc/search-xls.png",
        "meta": "15kb",
        "url": "javascript:;"
      },
      {
        "name": "Documentation",
        "subtitle": "By Walter White",
        "src": "img/icons/misc/search-doc.png",
        "meta": "200kb",
        "url": "javascript:;"
      },
      {
        "name": "Avatar",
        "subtitle": "By Ross Geller",
        "src": "img/icons/misc/search-jpg.png",
        "meta": "100kb",
        "url": "javascript:;"
      },
      {
        "name": "Data",
        "subtitle": "By Erik Foreman",
        "src": "img/icons/misc/search-xls.png",
        "meta": "5kb",
        "url": "javascript:;"
      },
      {
        "name": "Gardening Guide",
        "subtitle": "By Jerry Seinfeld",
        "src": "img/icons/misc/search-doc.png",
        "meta": "25kb",
        "url": "javascript:;"
      }
    ],
    "members": [
      {
        "name": "John Doe",
        "subtitle": "Admin",
        "src": "img/avatars/1.png",
        "url": "app-user-view-account.html"
      },
      {
        "name": "Micheal Clarke",
        "subtitle": "Customer",
        "src": "img/avatars/2.png",
        "url": "app-user-view-account.html"
      },
      {
        "name": "Melina Gibson",
        "subtitle": "Staff",
        "src": "img/avatars/5.png",
        "url": "app-user-view-account.html"
      },
      {
        "name": "Anna Strong",
        "subtitle": "Staff",
        "src": "img/avatars/7.png",
        "url": "app-user-view-account.html"
      },
      {
        "name": "Stephanie Gould",
        "subtitle": "Customer",
        "src": "img/avatars/3.png",
        "url": "app-user-view-account.html"
      },
      {
        "name": "David Budd",
        "subtitle": "Admin",
        "src": "img/avatars/10.png",
        "url": "app-user-view-account.html"
      },
      {
        "name": "Mark Shepiro",
        "subtitle": "Admin",
        "src": "img/avatars/12.png",
        "url": "app-user-view-account.html"
      }
    ]
  },
  "suggestions": {
    "Popular Searches": [
      {
        "name": "Analytics",
        "icon": "ri-home-7-line",
        "url": "index.html"
      },
      {
        "name": "CRM",
        "icon": "ri-computer-line",
        "url": "dashboards-crm.html"
      },
      {
        "name": "eCommerce",
        "icon": "ri-shopping-cart-2-line",
        "url": "app-ecommerce-dashboard.html"
      },
      {
        "name": "User List",
        "icon": "ri-group-line",
        "url": "app-user-list.html"
      }
    ],
    "Apps & Pages": [
      {
        "name": "Calendar",
        "icon": "ri-calendar-line",
        "url": "app-calendar.html"
      },
      {
        "name": "Invoice List",
        "icon": "ri-list-ordered-2",
        "url": "app-invoice-list.html"
      },
      {
        "name": "Account Settings",
        "icon": "ri-user-settings-line",
        "url": "pages-account-settings-account.html"
      },
      {
        "name": "Dialog Examples",
        "icon": "ri-tv-2-line",
        "url": "modal-examples.html"
      }
    ],
    "User Interface": [
      {
        "name": "Typography",
        "icon": "ri-font-size",
        "url": "ui-typography.html"
      },
      {
        "name": "Advanced Cards",
        "icon": "ri-list-check-2",
        "url": "cards-advance.html"
      },
      {
        "name": "Icons",
        "icon": "ri-remixicon-line",
        "url": "icons-ri.html"
      },
      {
        "name": "Widget Cards",
        "icon": "ri-id-card-line",
        "url": "cards-advance.html"
      }
    ],
    "Forms & Charts": [
      {
        "name": "Form Layouts",
        "icon": "ri-article-line",
        "url": "form-layouts-vertical.html"
      },
      {
        "name": "Form Validation",
        "icon": "ri-check-line",
        "url": "form-validation.html"
      },
      {
        "name": "Form Wizard",
        "icon": "ri-align-center",
        "url": "form-wizard-numbered.html"
      },
      {
        "name": "E-Charts",
        "icon": "ri-line-chart-line",
        "url": "charts-apex.html"
      }
    ]
  }
}